{
  "api_version": "1.0",
  "deepmd_version": "2.2.7",
  "train": [
    {
      "command": "dp",
      "machine": {
        "batch_type": "Slurm",
        "context_type": "ssh",
        "local_root": "./",
        "remote_profile": {
          "hostname": "HOSTNAME_PLACEHOLDER_1",
          "username": "USERNAME_PLACEHOLDER_1",
          "password": "PASSWORD_PLACEHOLDER_1",
          "key_filename": "KEY_FILENAME_PLACEHOLDER_1",
          "passphrase": "PASSPHRASE_PLACEHOLDER_1"
         },  
        "remote_root": "/work/la047615/master/meta_f_1_azobenzene/activelearning/"
      },

            "resources": {
                "nodes": 1,
                "queue_name": "c23g",
                "group_size": 1,
                "custom_flags": [
                    "#SBATCH --job-name=dpgen_training",
                    "#SBATCH --time=10:00:00",
                    "#SBATCH --output=output.%J.txt",
                    "#SBATCH --account=PROJECT_GPU_PLACEHOLDER_1",
                    "#SBATCH --gres=gpu:4",
                    "#SBATCH --mem=150G",
                    "#SBATCH --ntasks-per-node=1",
                    "#SBATCH --ntasks=1",
                    "export DEEPMD_KIT_PATH=DEEP_MD_CONDA_PATH_PLACEHOLDER_1bin/activate",
                    "source $DEEPMD_KIT_PATH"
                ]
            }
        }
    ],

    "model_devi": [
        {
            "command": "lmp",
            "machine": {
                "batch_type": "Slurm",
                "context_type": "ssh",
                "local_root": "./",
                "remote_profile": {
                  "hostname": "HOSTNAME_PLACEHOLDER_2",
                  "username": "USERNAME_PLACEHOLDER_2",
                  "password": "PASSWORD_PLACEHOLDER_2",
                  "key_filename": "KEY_FILENAME_PLACEHOLDER_2",
                  "passphrase": "PASSPHRASE_PLACEHOLDER_2"
                },
                "remote_root": "/rwthfs/rz/cluster/work/rwth1622/synretina_work/azobenzene/dpgen_active_learning"
            },
            "resources": {
                "nodes": 1,
                "cpu_per_mode": 0,
                "gpu_per_node": 2,
                "queue_name": "c23g",
                "group_size": 1,
                "custom_flags": [
                    "#SBATCH --job-name=lammps",
                    "#SBATCH --time=48:00:00",
                    "#SBATCH --output=output.%J.txt",
                    "#SBATCH --account=PROJECT_GPU_PLACEHOLDER_2",
                    "export DEEPMD_KIT_PATH=DEEP_MD_CONDA_PATH_PLACEHOLDER_1bin/activate",
                    "source $DEEPMD_KIT_PATH"
                ],
                "user_backward_files": [
                    "HILLS",
                    "COLVAR"
                ]
            }
        }
    ],
  "fp": [
    {
      "command": "mpirun cp2k.popt -i input.inp",
      "machine": {
        "batch_type": "Slurm",
        "local_root": "./",
        "context_type": "ssh",
        "remote_profile": {
          "hostname": "HOSTNAME_PLACEHOLDER_3",
          "username": "USERNAME_PLACEHOLDER_3",
          "password": "PASSWORD_PLACEHOLDER_3",
          "key_filename": "KEY_FILENAME_PLACEHOLDER_3",
          "passphrase": "PASSPHRASE_PLACEHOLDER_3"
         },
        "remote_root": "/work/la047615/master/meta_f_1_azobenzene/activelearning/"

      },

      "resources": {
        "kwargs": {
           "custom_gpu_line": "#SBATCH --account=PROJECT_CPU_PLACEHOLDER"
},
        "nodes":1,
        "cpu_per_node": 12,
        "group_size": 5,
        "module_list": [
          "GCC/12.2.0",
          "OpenMPI/4.1.4",
          "CP2K/2023.1"
        ],
        "custom_flags": ["#SBATCH --constraint=Rocky8", "#SBATCH --job-name=cp2k", "#SBATCH --mem-per-cpu=3900", "#SBATCH --time=20:00:00", "#SBATCH --output=output.%J.txt"]
      }
    }
  ]
}
